/*
 Navicat MySQL Data Transfer

 Source Server         : localhost
 Source Server Type    : MySQL
 Source Server Version : 50724
 Source Host           : 127.0.0.1:3306
 Source Schema         : db_question

 Target Server Type    : MySQL
 Target Server Version : 50724
 File Encoding         : 65001

 Date: 18/04/2024 18:59:25
*/

SET NAMES utf8mb4;
SET FOREIGN_KEY_CHECKS = 0;

-- ----------------------------
-- Table structure for comment
-- ----------------------------
DROP TABLE IF EXISTS `comment`;
CREATE TABLE `comment`  (
  `id` bigint(20) NOT NULL COMMENT '主键',
  `created_by` bigint(20) NULL DEFAULT NULL COMMENT '创建人id',
  `created_time` datetime NULL DEFAULT NULL COMMENT '创建时间',
  `question_id` bigint(20) NULL DEFAULT NULL COMMENT '问题id',
  `comment_content` text CHARACTER SET utf8 COLLATE utf8_general_ci NULL COMMENT '评论内容',
  `parent_id` bigint(20) NULL DEFAULT NULL COMMENT '评论父id(记录回复评论的id)',
  PRIMARY KEY (`id`) USING BTREE
) ENGINE = InnoDB CHARACTER SET = utf8 COLLATE = utf8_general_ci COMMENT = '评论表' ROW_FORMAT = Dynamic;

-- ----------------------------
-- Records of comment
-- ----------------------------
INSERT INTO `comment` VALUES (1780074242147135490, 1779747504045170690, '2024-04-16 11:22:26', 1779790514539839490, '我会知道未来我能赚多少钱', NULL);
INSERT INTO `comment` VALUES (1780075501021343746, 1779747504045170690, '2024-04-16 11:27:26', 1779790514539839490, '我又来评论了', NULL);
INSERT INTO `comment` VALUES (1780075540250669058, 1779747504045170690, '2024-04-16 11:27:36', 1779790514539839490, '凄凄切切群群群群群群', NULL);
INSERT INTO `comment` VALUES (1780075644864999426, 1779747504045170690, '2024-04-16 11:28:01', 1779790514539839490, '啊啊啊啊啊啊啊啊啊', NULL);
INSERT INTO `comment` VALUES (1780211527589154818, 1778358645923291137, '2024-04-16 20:27:58', 1779790514539839490, '猜猜我是黑', NULL);
INSERT INTO `comment` VALUES (1780212706549288962, 1778358645923291137, '2024-04-16 20:32:39', 1779790514539839490, 'AAAAAAAAAAAAAAAAAAAAAAAAAAAAAAA', NULL);
INSERT INTO `comment` VALUES (1780212727294316546, 1778358645923291137, '2024-04-16 20:32:44', 1779790514539839490, '啊啊啊啊啊啊啊啊啊啊啊啊啊啊啊啊啊', NULL);
INSERT INTO `comment` VALUES (1780482994587303937, 1779747504045170690, '2024-04-17 14:26:40', 1780147532228321282, '我品论一条', NULL);
INSERT INTO `comment` VALUES (1780499418051629057, 1779747504045170690, '2024-04-17 15:31:56', 1780147532228321282, '我是回复弄得评论', 1780482994587303937);
INSERT INTO `comment` VALUES (1780509850862727170, 1779747504045170690, '2024-04-17 16:13:23', 1780147532228321282, '啊啊啊啊啊啊啊啊啊啊啊啊啊啊\n', NULL);
INSERT INTO `comment` VALUES (1780509911185207298, 1779747504045170690, '2024-04-17 16:13:38', 1780147532228321282, '不不不不不不不不不巴巴爸爸巴巴爸爸巴巴爸爸巴巴爸爸', 1780509850862727170);
INSERT INTO `comment` VALUES (1780518868008071170, 1779747504045170690, '2024-04-17 16:49:13', 1780147532228321282, '啊啊啊啊啊啊啊啊啊啊啊', 1780509850862727170);
INSERT INTO `comment` VALUES (1780518910546702338, 1779747504045170690, '2024-04-17 16:49:23', 1780147532228321282, '啊啊啊啊啊啊啊啊啊啊啊啊啊', 1780509850862727170);
INSERT INTO `comment` VALUES (1780518967681511426, 1779747504045170690, '2024-04-17 16:49:37', 1780147532228321282, '', 1780509850862727170);
INSERT INTO `comment` VALUES (1780518992536956930, 1779747504045170690, '2024-04-17 16:49:43', 1780147532228321282, '', 1780509850862727170);
INSERT INTO `comment` VALUES (1780519531433721857, 1779747504045170690, '2024-04-17 16:51:51', 1780147532228321282, NULL, 1780509850862727170);
INSERT INTO `comment` VALUES (1780520911775068162, 1779747504045170690, '2024-04-17 16:57:21', 1780147532228321282, '', 1780509850862727170);
INSERT INTO `comment` VALUES (1780521034429100033, 1779747504045170690, '2024-04-17 16:57:50', 1780147532228321282, '啊啊啊啊啊啊啊啊啊啊啊', 1780509850862727170);
INSERT INTO `comment` VALUES (1780521067610238978, 1779747504045170690, '2024-04-17 16:57:58', 1780147532228321282, '啊啊啊啊啊啊啊啊啊', 1780509850862727170);
INSERT INTO `comment` VALUES (1780521100468416514, 1779747504045170690, '2024-04-17 16:58:06', 1780147532228321282, '', 1780509850862727170);
INSERT INTO `comment` VALUES (1780526192441487361, 1779747504045170690, '2024-04-17 17:18:20', 1780147532228321282, '', 1780482994587303937);
INSERT INTO `comment` VALUES (1780526220983726081, 1779747504045170690, '2024-04-17 17:18:26', 1780147532228321282, '', 1780509850862727170);
INSERT INTO `comment` VALUES (1780526367964721153, 1779747504045170690, '2024-04-17 17:19:01', 1780147532228321282, '啊啊啊啊啊啊', 1780482994587303937);
INSERT INTO `comment` VALUES (1780526806143635458, 1779747504045170690, '2024-04-17 17:20:46', 1780147532228321282, '啊啊啊啊啊啊啊啊啊啊啊啊啊', 1780482994587303937);
INSERT INTO `comment` VALUES (1780527366993457154, 1779747504045170690, '2024-04-17 17:23:00', 1780147532228321282, '啊啊啊啊啊啊啊', 1780482994587303937);
INSERT INTO `comment` VALUES (1780527524720259073, 1779747504045170690, '2024-04-17 17:23:37', 1780147532228321282, '啊啊啊啊', 1780482994587303937);
INSERT INTO `comment` VALUES (1780527643788161026, 1779747504045170690, '2024-04-17 17:24:06', 1780147532228321282, '啊啊啊', 1780482994587303937);
INSERT INTO `comment` VALUES (1780527712629272577, 1779747504045170690, '2024-04-17 17:24:22', 1780147532228321282, '啊啊啊啊啊啊啊啊啊啊', 1780482994587303937);
INSERT INTO `comment` VALUES (1780527793721946113, 1779747504045170690, '2024-04-17 17:24:41', 1780147532228321282, '啊啊啊啊啊啊啊啊啊啊', 1780482994587303937);
INSERT INTO `comment` VALUES (1780527863037014017, 1779747504045170690, '2024-04-17 17:24:58', 1780147532228321282, '啊啊啊啊啊啊', 1780482994587303937);
INSERT INTO `comment` VALUES (1780527974748106754, 1778358645923291137, '2024-04-17 17:25:24', 1780147532228321282, '别吓评论', NULL);
INSERT INTO `comment` VALUES (1780527997573509122, 1778358645923291137, '2024-04-17 17:25:30', 1780147532228321282, '啊啊啊啊啊啊啊啊', 1780527974748106754);
INSERT INTO `comment` VALUES (1780528024983285762, 1778358645923291137, '2024-04-17 17:25:36', 1780147532228321282, '啊啊啊啊啊啊啊啊啊啊啊啊啊啊啊', 1780509850862727170);
INSERT INTO `comment` VALUES (1780528309810081794, 1778358645923291137, '2024-04-17 17:26:44', 1780147532228321282, '嗄啊', 1780527974748106754);
INSERT INTO `comment` VALUES (1780528705626550273, 1778358645923291137, '2024-04-17 17:28:19', 1780147532228321282, '啊啊啊啊啊啊啊', 1780527974748106754);
INSERT INTO `comment` VALUES (1780530741369700354, 1778358645923291137, '2024-04-17 17:36:24', 1780147532228321282, '啊啊啊啊啊啊啊啊啊啊', 1780527974748106754);
INSERT INTO `comment` VALUES (1780531300160008194, 1778358645923291137, '2024-04-17 17:38:37', 1780147532228321282, '我就评论', 1780527974748106754);
INSERT INTO `comment` VALUES (1780531342744776705, 1778358645923291137, '2024-04-17 17:38:47', 1780147532228321282, '你傻逼呀', 1780527974748106754);
INSERT INTO `comment` VALUES (1780531392686354434, 1778358645923291137, '2024-04-17 17:38:59', 1780147532228321282, '别评论了', 1780527974748106754);
INSERT INTO `comment` VALUES (1780532153692504065, 1780531808794886146, '2024-04-17 17:42:01', 1780532085715419137, '莫科纳是最好的咖啡', NULL);
INSERT INTO `comment` VALUES (1780532205559267329, 1780531808794886146, '2024-04-17 17:42:13', 1780532085715419137, '我说的对吧', 1780532153692504065);
INSERT INTO `comment` VALUES (1780580549933420546, 1780580384866586625, '2024-04-17 20:54:19', 1780580500776177666, '我看看有多困难', NULL);
INSERT INTO `comment` VALUES (1780580579180302338, 1780580384866586625, '2024-04-17 20:54:26', 1780580500776177666, '你别说话', 1780580549933420546);
INSERT INTO `comment` VALUES (1780793302795259905, 1779747504045170690, '2024-04-18 10:59:44', 1780580500776177666, '我看看怎么个事', NULL);
INSERT INTO `comment` VALUES (1780793516436328450, 1779747504045170690, '2024-04-18 11:00:35', 1780580500776177666, '你别说话', 1780793302795259905);

-- ----------------------------
-- Table structure for document
-- ----------------------------
DROP TABLE IF EXISTS `document`;
CREATE TABLE `document`  (
  `id` bigint(20) NOT NULL COMMENT '主键',
  `created_by` bigint(20) NULL DEFAULT NULL COMMENT '创建人id',
  `created_time` datetime NULL DEFAULT NULL COMMENT '创建时间',
  `document_name` varchar(50) CHARACTER SET utf8 COLLATE utf8_general_ci NULL DEFAULT NULL COMMENT '文件名',
  `document_describe` longtext CHARACTER SET utf8 COLLATE utf8_general_ci NULL COMMENT '文件描述',
  `document_location` varchar(255) CHARACTER SET utf8 COLLATE utf8_general_ci NULL DEFAULT NULL COMMENT '文件地址',
  `download_count` int(255) NULL DEFAULT 0 COMMENT '下载次数',
  PRIMARY KEY (`id`) USING BTREE
) ENGINE = InnoDB CHARACTER SET = utf8 COLLATE = utf8_general_ci COMMENT = '文件表' ROW_FORMAT = DYNAMIC;

-- ----------------------------
-- Records of document
-- ----------------------------
INSERT INTO `document` VALUES (1779026162022907906, NULL, NULL, '《王牌竞速》绿色跑车 游.jpg', '嘎嘎嘎', 'D:\\upload\\《王牌竞速》绿色跑车 游.jpg', 0);
INSERT INTO `document` VALUES (1779704211194359809, 1778358645923291137, '2024-04-15 10:52:04', 'ribon负载均衡的流程.png', '啊啊啊啊啊啊啊啊啊啊', 'D:\\upload\\ribon负载均衡的流程.png', 1);
INSERT INTO `document` VALUES (1780201827682275330, 1778358645923291137, '2024-04-16 19:49:25', '新能源汽车毕业设计成果模板和格式要求(1) - 副本.docx', '啊啊啊啊啊啊啊啊啊啊啊啊啊啊啊啊啊啊啊啊啊啊啊啊啊啊啊啊啊', 'D:\\upload\\新能源汽车毕业设计成果模板和格式要求(1) - 副本.docx', 0);
INSERT INTO `document` VALUES (1780202252250738690, 1778358645923291137, '2024-04-16 19:51:06', '新能源汽车毕业设计成果模板和格式要求(1) - 副本.docx', '啊啊啊啊啊啊啊啊啊啊啊啊啊啊啊啊啊啊啊啊啊啊啊啊啊啊啊啊啊', 'D:\\upload\\新能源汽车毕业设计成果模板和格式要求(1) - 副本.docx', 0);
INSERT INTO `document` VALUES (1780202522980487170, 1778358645923291137, '2024-04-16 19:52:11', '新能源汽车毕业设计成果模板和格式要求(1) - 副本.docx', '啊啊啊啊啊啊啊啊啊啊啊啊啊啊啊啊啊啊啊啊啊啊啊啊啊啊啊啊啊', 'D:\\upload\\新能源汽车毕业设计成果模板和格式要求(1) - 副本.docx', 0);
INSERT INTO `document` VALUES (1780202707106238466, 1778358645923291137, '2024-04-16 19:52:55', '吹泡泡的女孩坐在小巷台.jpg', '啊啊啊啊啊啊啊啊啊啊啊啊啊啊啊啊啊啊啊啊啊', 'D:\\upload\\吹泡泡的女孩坐在小巷台.jpg', 0);
INSERT INTO `document` VALUES (1780202770440228865, 1778358645923291137, '2024-04-16 19:53:10', '《王牌竞速》绿色跑车 游.jpg', '吞吞吐吐吞吞吐吐拖拖沓沓推塔推塔推塔推塔推塔他他他他他他他他他', 'D:\\upload\\《王牌竞速》绿色跑车 游.jpg', 2);
INSERT INTO `document` VALUES (1780576190420078593, 1779747504045170690, '2024-04-17 20:37:00', '中野三玖4k壁纸.jpg', '啊啊啊啊啊啊啊啊啊啊啊啊啊啊啊啊啊啊啊啊啊啊啊啊啊啊啊啊啊啊啊啊啊啊啊啊啊啊啊啊啊啊啊啊啊啊啊啊啊啊啊啊啊啊啊啊啊啊啊啊', 'D:\\upload\\中野三玖4k壁纸.jpg', 0);
INSERT INTO `document` VALUES (1780577610368045058, 1779747504045170690, '2024-04-17 20:42:39', 'vwptjl0wmgf.jpg', '呃呃呃呃呃呃呃呃呃呃呃呃呃呃呃呃呃呃呃呃呃呃呃呃呃呃呃呃呃呃呃呃呃呃呃呃呃呃', 'D:\\upload\\vwptjl0wmgf.jpg', 0);
INSERT INTO `document` VALUES (1780580648843497474, 1780580384866586625, '2024-04-17 20:54:43', '《王牌竞速》绿色跑车 游.jpg', '这是我分享的资源', 'D:\\upload\\《王牌竞速》绿色跑车 游.jpg', 1);
INSERT INTO `document` VALUES (1780583063512698882, 1780580384866586625, '2024-04-17 21:04:19', '论坛项目视频.mp4', '这是上传视频', 'D:\\upload\\论坛项目视频.mp4', 0);

-- ----------------------------
-- Table structure for feedback
-- ----------------------------
DROP TABLE IF EXISTS `feedback`;
CREATE TABLE `feedback`  (
  `id` bigint(20) NOT NULL COMMENT '主键',
  `created_by` bigint(20) NULL DEFAULT NULL COMMENT '创建人id',
  `created_time` datetime NULL DEFAULT NULL COMMENT '创建时间',
  `feedback_content` longtext CHARACTER SET utf8 COLLATE utf8_general_ci NULL COMMENT '反馈意见',
  PRIMARY KEY (`id`) USING BTREE
) ENGINE = InnoDB CHARACTER SET = utf8 COLLATE = utf8_general_ci COMMENT = '意见反馈表' ROW_FORMAT = Dynamic;

-- ----------------------------
-- Records of feedback
-- ----------------------------
INSERT INTO `feedback` VALUES (1780145586683514882, NULL, '2024-04-16 16:05:56', '凄凄切切');
INSERT INTO `feedback` VALUES (1780145593943855105, NULL, '2024-04-16 16:05:58', '凄凄切切');
INSERT INTO `feedback` VALUES (1780145619571052546, NULL, '2024-04-16 16:06:04', '凄凄切切');
INSERT INTO `feedback` VALUES (1780145872978317313, NULL, '2024-04-16 16:07:04', '凄凄切切');
INSERT INTO `feedback` VALUES (1780146326282010626, NULL, '2024-04-16 16:08:52', '呃呃呃呃呃呃呃呃呃呃呃呃');
INSERT INTO `feedback` VALUES (1780577403664355330, NULL, '2024-04-17 20:41:49', '啊啊啊啊啊啊啊');

-- ----------------------------
-- Table structure for questions
-- ----------------------------
DROP TABLE IF EXISTS `questions`;
CREATE TABLE `questions`  (
  `id` bigint(20) NOT NULL COMMENT '主键',
  `created_by` bigint(20) NOT NULL COMMENT '创建人',
  `created_time` datetime NULL DEFAULT NULL COMMENT '创建时间',
  `questions_title` varchar(255) CHARACTER SET utf8 COLLATE utf8_general_ci NULL DEFAULT NULL COMMENT '问题标题',
  `questions_content` longtext CHARACTER SET utf8 COLLATE utf8_general_ci NULL COMMENT '问题描述',
  `difficulty` varchar(10) CHARACTER SET utf8 COLLATE utf8_general_ci NULL DEFAULT NULL COMMENT '难易程度(简单、中等、困难)',
  `browse_count` int(255) NULL DEFAULT 0 COMMENT '浏览数',
  `comment_count` int(255) NULL DEFAULT 0 COMMENT '评论数',
  PRIMARY KEY (`id`) USING BTREE
) ENGINE = InnoDB CHARACTER SET = utf8 COLLATE = utf8_general_ci COMMENT = '问题表' ROW_FORMAT = DYNAMIC;

-- ----------------------------
-- Records of questions
-- ----------------------------
INSERT INTO `questions` VALUES (1779517924113920002, 1778358645923291137, '2024-04-14 22:31:50', '这是一个很奇怪的问题', '去去去去去去去去去去球器', '困难', 0, 0);
INSERT INTO `questions` VALUES (1779787625276645377, 1778358645923291137, '2024-04-15 16:23:31', '如何能用一块钱或一百天', '如果您有一块钱和一百天的时间，您可以尝试用这些资源实现一些有趣或有意义的目标。以下是一些建议：\r\n\r\n储蓄与投资：\r\n您可以尝试用这一块钱作为起始资金，通过某种方式（如参与抽奖、小游戏等）尝试增加它。\r\n了解基本的金融知识，如复利效应，并考虑在虚拟环境中模拟投资，以了解投资的基本原理。\r\n技能学习：\r\n利用互联网上的免费资源，学习一门新技能或语言。许多网站和应用程序提供免费的课程或教程。\r\n每天花费一定时间学习和练习，一百天后您将掌握一项新技能。', '简单', 0, 0);
INSERT INTO `questions` VALUES (1779789897465446401, 1778358645923291137, '2024-04-15 16:32:33', '如果你有一台可以预测未来的机器，但你只能使用一次，你会想知道未来的什么信息？', '如果我真的拥有一台可以预测未来的机器，并且只能使用一次，我会非常慎重地考虑我想要知道的未来信息。毕竟，这样的机会是极其难得的。\r\n在深思熟虑之后，我可能会选择询问关于人类未来科技进步的信息。具体来说，我可能会想知道在未来几百年内，人类在科学、技术、医学等领域会取得哪些重大突破。这样的信息不仅可以帮助我更好地规划自己的生活和职业发展，还可以为人类社会的整体进步提供宝贵的启示和指导。\r\n当然，我也明白未来是不可预测的，即使有了这台机器，我们也不能完全依赖它的预测来安排自己的生活。因此，即使知道了未来的某些信息，我仍然会保持开放和灵活的心态，随时准备应对可能出现的变化和挑战。总的来说，如果我真的有机会使用这样一台机器，我会尽量选择一个既有意义又能够带来实际价值的问题来询问。', '困难', 0, 0);
INSERT INTO `questions` VALUES (1779790085177327618, 1778358645923291137, '2024-04-15 16:33:18', '如果有一天，你发现你的影子有了生命，你会怎么做？', '如果有一天我发现我的影子有了生命，我可能会经历一阵初始的惊讶和困惑，毕竟这是一个完全超乎常理的事件。随后，我会试图保持冷静，以开放和好奇的心态去接近和理解这个新的“生命”。\r\n\r\n首先，我会尝试与我的影子进行交流，了解它的感受、想法和需求。毕竟，虽然它曾经只是我的一个影子，但现在它已经是一个独立的生命体，拥有自己的意识和存在。我会尊重它的个体性，尽力去建立一种平等和友好的关系。\r\n\r\n然后，我会思考如何处理这个新的情况。毕竟，一个有生命的影子可能会带来一些挑战和困惑，比如它是否需要食物、住所和社交？它是否会受到伤害？我是否需要为它承担某些责任？这些问题都需要我认真考虑和处理。\r\n\r\n此外，我也可能会把这个情况分享给其他人，看看他们是否有任何建议或看法。毕竟，这是一个前所未有的事件，也许其他人也能提供一些有价值的观点和建议。\r\n\r\n总的来说，我会以开放、好奇和尊重的态度去面对这个新的情况，尽力去理解和适应它。同时，我也会保持警觉和谨慎，确保这个新的“生命”不会对我自己或他人造成任何伤害。', '简单', 0, 0);
INSERT INTO `questions` VALUES (1779790153687089154, 1778358645923291137, '2024-04-15 16:33:34', 'qqqqqqqqqqqqqqqqqq', '如果有一天我发现我的影子有了生命，我可能会经历一阵初始的惊讶和困惑，毕竟这是一个完全超乎常理的事件。随后，我会试图保持冷静，以开放和好奇的心态去接近和理解这个新的“生命”。\r\n\r\n首先，我会尝试与我的影子进行交流，了解它的感受、想法和需求。毕竟，虽然它曾经只是我的一个影子，但现在它已经是一个独立的生命体，拥有自己的意识和存在。我会尊重它的个体性，尽力去建立一种平等和友好的关系。\r\n\r\n然后，我会思考如何处理这个新的情况。毕竟，一个有生命的影子可能会带来一些挑战和困惑，比如它是否需要食物、住所和社交？它是否会受到伤害？我是否需要为它承担某些责任？这些问题都需要我认真考虑和处理。\r\n\r\n此外，我也可能会把这个情况分享给其他人，看看他们是否有任何建议或看法。毕竟，这是一个前所未有的事件，也许其他人也能提供一些有价值的观点和建议。\r\n\r\n总的来说，我会以开放、好奇和尊重的态度去面对这个新的情况，尽力去理解和适应它。同时，我也会保持警觉和谨慎，确保这个新的“生命”不会对我自己或他人造成任何伤害。', '简单', 0, 0);
INSERT INTO `questions` VALUES (1779790322495242242, 1778358645923291137, '2024-04-15 16:34:14', '这是一个很奇怪的问题', '如果有一天我发现我的影子有了生命，我可能会经历一阵初始的惊讶和困惑，毕竟这是一个完全超乎常理的事件。随后，我会试图保持冷静，以开放和好奇的心态去接近和理解这个新的“生命”。\r\n\r\n首先，我会尝试与我的影子进行交流，了解它的感受、想法和需求。毕竟，虽然它曾经只是我的一个影子，但现在它已经是一个独立的生命体，拥有自己的意识和存在。我会尊重它的个体性，尽力去建立一种平等和友好的关系。\r\n\r\n然后，我会思考如何处理这个新的情况。毕竟，一个有生命的影子可能会带来一些挑战和困惑，比如它是否需要食物、住所和社交？它是否会受到伤害？我是否需要为它承担某些责任？这些问题都需要我认真考虑和处理。\r\n\r\n此外，我也可能会把这个情况分享给其他人，看看他们是否有任何建议或看法。毕竟，这是一个前所未有的事件，也许其他人也能提供一些有价值的观点和建议。\r\n\r\n总的来说，我会以开放、好奇和尊重的态度去面对这个新的情况，尽力去理解和适应它。同时，我也会保持警觉和谨慎，确保这个新的“生命”不会对我自己或他人造成任何伤害。', '简单', 0, 0);
INSERT INTO `questions` VALUES (1779790349825327106, 1778358645923291137, '2024-04-15 16:34:21', '如果你有一台可以预测未来的机器，但你只能使用一次，你会想知道未来的什么信息？', '如果有一天我发现我的影子有了生命，我可能会经历一阵初始的惊讶和困惑，毕竟这是一个完全超乎常理的事件。随后，我会试图保持冷静，以开放和好奇的心态去接近和理解这个新的“生命”。\r\n\r\n首先，我会尝试与我的影子进行交流，了解它的感受、想法和需求。毕竟，虽然它曾经只是我的一个影子，但现在它已经是一个独立的生命体，拥有自己的意识和存在。我会尊重它的个体性，尽力去建立一种平等和友好的关系。\r\n\r\n然后，我会思考如何处理这个新的情况。毕竟，一个有生命的影子可能会带来一些挑战和困惑，比如它是否需要食物、住所和社交？它是否会受到伤害？我是否需要为它承担某些责任？这些问题都需要我认真考虑和处理。\r\n\r\n此外，我也可能会把这个情况分享给其他人，看看他们是否有任何建议或看法。毕竟，这是一个前所未有的事件，也许其他人也能提供一些有价值的观点和建议。\r\n\r\n总的来说，我会以开放、好奇和尊重的态度去面对这个新的情况，尽力去理解和适应它。同时，我也会保持警觉和谨慎，确保这个新的“生命”不会对我自己或他人造成任何伤害。', '容易', 0, 0);
INSERT INTO `questions` VALUES (1779790375049871362, 1778358645923291137, '2024-04-15 16:34:27', '如果你有一台可以预测未来的机器，但你只能使用一次，你会想知道未来的什么信息？', '如果有一天我发现我的影子有了生命，我可能会经历一阵初始的惊讶和困惑，毕竟这是一个完全超乎常理的事件。随后，我会试图保持冷静，以开放和好奇的心态去接近和理解这个新的“生命”。\r\n\r\n首先，我会尝试与我的影子进行交流，了解它的感受、想法和需求。毕竟，虽然它曾经只是我的一个影子，但现在它已经是一个独立的生命体，拥有自己的意识和存在。我会尊重它的个体性，尽力去建立一种平等和友好的关系。\r\n\r\n然后，我会思考如何处理这个新的情况。毕竟，一个有生命的影子可能会带来一些挑战和困惑，比如它是否需要食物、住所和社交？它是否会受到伤害？我是否需要为它承担某些责任？这些问题都需要我认真考虑和处理。\r\n\r\n此外，我也可能会把这个情况分享给其他人，看看他们是否有任何建议或看法。毕竟，这是一个前所未有的事件，也许其他人也能提供一些有价值的观点和建议。\r\n\r\n总的来说，我会以开放、好奇和尊重的态度去面对这个新的情况，尽力去理解和适应它。同时，我也会保持警觉和谨慎，确保这个新的“生命”不会对我自己或他人造成任何伤害。', '容易', 0, 0);
INSERT INTO `questions` VALUES (1779790402468036610, 1778358645923291137, '2024-04-15 16:34:34', '这是一个很奇怪的问题', '如果有一天我发现我的影子有了生命，我可能会经历一阵初始的惊讶和困惑，毕竟这是一个完全超乎常理的事件。随后，我会试图保持冷静，以开放和好奇的心态去接近和理解这个新的“生命”。\r\n\r\n首先，我会尝试与我的影子进行交流，了解它的感受、想法和需求。毕竟，虽然它曾经只是我的一个影子，但现在它已经是一个独立的生命体，拥有自己的意识和存在。我会尊重它的个体性，尽力去建立一种平等和友好的关系。\r\n\r\n然后，我会思考如何处理这个新的情况。毕竟，一个有生命的影子可能会带来一些挑战和困惑，比如它是否需要食物、住所和社交？它是否会受到伤害？我是否需要为它承担某些责任？这些问题都需要我认真考虑和处理。\r\n\r\n此外，我也可能会把这个情况分享给其他人，看看他们是否有任何建议或看法。毕竟，这是一个前所未有的事件，也许其他人也能提供一些有价值的观点和建议。\r\n\r\n总的来说，我会以开放、好奇和尊重的态度去面对这个新的情况，尽力去理解和适应它。同时，我也会保持警觉和谨慎，确保这个新的“生命”不会对我自己或他人造成任何伤害。', '困难', 0, 0);
INSERT INTO `questions` VALUES (1779790430481793025, 1778358645923291137, '2024-04-15 16:34:40', '如果你有一台可以预测未来的机器，但你只能使用一次，你会想知道未来的什么信息？', '如果有一天我发现我的影子有了生命，我可能会经历一阵初始的惊讶和困惑，毕竟这是一个完全超乎常理的事件。随后，我会试图保持冷静，以开放和好奇的心态去接近和理解这个新的“生命”。\r\n\r\n首先，我会尝试与我的影子进行交流，了解它的感受、想法和需求。毕竟，虽然它曾经只是我的一个影子，但现在它已经是一个独立的生命体，拥有自己的意识和存在。我会尊重它的个体性，尽力去建立一种平等和友好的关系。\r\n\r\n然后，我会思考如何处理这个新的情况。毕竟，一个有生命的影子可能会带来一些挑战和困惑，比如它是否需要食物、住所和社交？它是否会受到伤害？我是否需要为它承担某些责任？这些问题都需要我认真考虑和处理。\r\n\r\n此外，我也可能会把这个情况分享给其他人，看看他们是否有任何建议或看法。毕竟，这是一个前所未有的事件，也许其他人也能提供一些有价值的观点和建议。\r\n\r\n总的来说，我会以开放、好奇和尊重的态度去面对这个新的情况，尽力去理解和适应它。同时，我也会保持警觉和谨慎，确保这个新的“生命”不会对我自己或他人造成任何伤害。', '困难', 0, 0);
INSERT INTO `questions` VALUES (1779790487968923649, 1778358645923291137, '2024-04-15 16:34:54', '这是一个很奇怪的问题', '如果有一天我发现我的影子有了生命，我可能会经历一阵初始的惊讶和困惑，毕竟这是一个完全超乎常理的事件。随后，我会试图保持冷静，以开放和好奇的心态去接近和理解这个新的“生命”。\r\n\r\n首先，我会尝试与我的影子进行交流，了解它的感受、想法和需求。毕竟，虽然它曾经只是我的一个影子，但现在它已经是一个独立的生命体，拥有自己的意识和存在。我会尊重它的个体性，尽力去建立一种平等和友好的关系。\r\n\r\n然后，我会思考如何处理这个新的情况。毕竟，一个有生命的影子可能会带来一些挑战和困惑，比如它是否需要食物、住所和社交？它是否会受到伤害？我是否需要为它承担某些责任？这些问题都需要我认真考虑和处理。\r\n\r\n此外，我也可能会把这个情况分享给其他人，看看他们是否有任何建议或看法。毕竟，这是一个前所未有的事件，也许其他人也能提供一些有价值的观点和建议。\r\n\r\n总的来说，我会以开放、好奇和尊重的态度去面对这个新的情况，尽力去理解和适应它。同时，我也会保持警觉和谨慎，确保这个新的“生命”不会对我自己或他人造成任何伤害。', '简单', 8, 0);
INSERT INTO `questions` VALUES (1779790514539839490, 1778358645923291137, '2024-04-15 16:35:00', '如果你有一台可以预测未来的机器，但你只能使用一次，你会想知道未来的什么信息？', '如果有一天我发现我的影子有了生命，我可能会经历一阵初始的惊讶和困惑，毕竟这是一个完全超乎常理的事件。随后，我会试图保持冷静，以开放和好奇的心态去接近和理解这个新的“生命”。\r\n\r\n首先，我会尝试与我的影子进行交流，了解它的感受、想法和需求。毕竟，虽然它曾经只是我的一个影子，但现在它已经是一个独立的生命体，拥有自己的意识和存在。我会尊重它的个体性，尽力去建立一种平等和友好的关系。\r\n\r\n然后，我会思考如何处理这个新的情况。毕竟，一个有生命的影子可能会带来一些挑战和困惑，比如它是否需要食物、住所和社交？它是否会受到伤害？我是否需要为它承担某些责任？这些问题都需要我认真考虑和处理。\r\n\r\n此外，我也可能会把这个情况分享给其他人，看看他们是否有任何建议或看法。毕竟，这是一个前所未有的事件，也许其他人也能提供一些有价值的观点和建议。\r\n\r\n总的来说，我会以开放、好奇和尊重的态度去面对这个新的情况，尽力去理解和适应它。同时，我也会保持警觉和谨慎，确保这个新的“生命”不会对我自己或他人造成任何伤害。', '简单', 355, 7);
INSERT INTO `questions` VALUES (1779807546752757762, 1778358645923291137, '2024-04-15 17:42:41', '这是一个简单的问题', '这是一个简单的问题', '简单', 5, 0);
INSERT INTO `questions` VALUES (1780147532228321282, 1779747504045170690, '2024-04-16 16:13:40', '我有个问题不知道该不该问', '那就别问，臭傻逼', '简单', 201, 32);
INSERT INTO `questions` VALUES (1780532085715419137, 1780531808794886146, '2024-04-17 17:41:45', '谁是醉好的咖啡', '谁来说说', '容易', 73, 1);
INSERT INTO `questions` VALUES (1780580500776177666, 1780580384866586625, '2024-04-17 20:54:08', '这是个困难的问题', '这是个困难的问题这是个困难的问题这是个困难的问题这是个困难的问题这是个困难的问题', '困难', 22, 2);

-- ----------------------------
-- Table structure for user
-- ----------------------------
DROP TABLE IF EXISTS `user`;
CREATE TABLE `user`  (
  `id` bigint(20) NOT NULL COMMENT '主键',
  `user_name` varchar(20) CHARACTER SET utf8 COLLATE utf8_general_ci NOT NULL COMMENT '用户名',
  `password` varchar(50) CHARACTER SET utf8 COLLATE utf8_general_ci NOT NULL COMMENT '密码',
  `user_email` varchar(70) CHARACTER SET utf8 COLLATE utf8_general_ci NULL DEFAULT NULL COMMENT '邮箱',
  PRIMARY KEY (`id`, `user_name`) USING BTREE
) ENGINE = InnoDB CHARACTER SET = utf8 COLLATE = utf8_general_ci COMMENT = '用户表' ROW_FORMAT = DYNAMIC;

-- ----------------------------
-- Records of user
-- ----------------------------
INSERT INTO `user` VALUES (1778358645923291137, 'admin', '123456', '123@qq.com');
INSERT INTO `user` VALUES (1778359536235655170, 'adminaa', '123456', '123@qq.com');
INSERT INTO `user` VALUES (1778359609870856193, 'aaa', '123456', 'qw@qq.com');
INSERT INTO `user` VALUES (1779747504045170690, 'xibanyaxianbing', '123456', 'xibanyaxianbing@qq.com');
INSERT INTO `user` VALUES (1780531808794886146, '速溶咖啡', '123456', '1627348@qq.com');
INSERT INTO `user` VALUES (1780580009153417218, 'xixihaha', '123456', '56789@qq.com');
INSERT INTO `user` VALUES (1780580384866586625, 'ganshane', '123456', 'rtyuityui@qq.com');

-- ----------------------------
-- Table structure for user_actions
-- ----------------------------
DROP TABLE IF EXISTS `user_actions`;
CREATE TABLE `user_actions`  (
  `id` bigint(20) NOT NULL COMMENT '主键',
  `created_by` bigint(20) NULL DEFAULT NULL COMMENT '创建人id',
  `created_time` datetime NULL DEFAULT NULL,
  `action` varchar(100) CHARACTER SET utf8 COLLATE utf8_general_ci NULL DEFAULT NULL COMMENT '操作',
  PRIMARY KEY (`id`) USING BTREE
) ENGINE = InnoDB CHARACTER SET = utf8 COLLATE = utf8_general_ci COMMENT = '用户操作表' ROW_FORMAT = Dynamic;

-- ----------------------------
-- Records of user_actions
-- ----------------------------
INSERT INTO `user_actions` VALUES (1778771176672296962, 1778358645923291137, '2024-04-12 21:04:31', '登录');
INSERT INTO `user_actions` VALUES (1779034964617072642, 1778358645923291137, '2024-04-13 14:32:43', '登录');
INSERT INTO `user_actions` VALUES (1779036431964966913, 1778358645923291137, '2024-04-13 14:38:33', '登录');
INSERT INTO `user_actions` VALUES (1779037979952574465, 1778358645923291137, '2024-04-13 14:44:42', '登录');
INSERT INTO `user_actions` VALUES (1779078061162078209, 1778358645923291137, '2024-04-13 17:23:58', '登录');
INSERT INTO `user_actions` VALUES (1779079981880688641, 1778358645923291137, '2024-04-13 17:31:36', '登录');
INSERT INTO `user_actions` VALUES (1779082085508702209, 1778358645923291137, '2024-04-13 17:39:58', '登录');
INSERT INTO `user_actions` VALUES (1779084302181543937, 1778358645923291137, '2024-04-13 17:48:46', '登录');
INSERT INTO `user_actions` VALUES (1779084650539511809, 1778358645923291137, '2024-04-13 17:50:09', '登录');
INSERT INTO `user_actions` VALUES (1779203213874970625, 1778358645923291137, '2024-04-14 01:41:17', '登录');
INSERT INTO `user_actions` VALUES (1779517859400003585, 1778358645923291137, '2024-04-14 22:31:34', '登录');
INSERT INTO `user_actions` VALUES (1779680730994008066, 1778358645923291137, '2024-04-15 09:18:46', '登录');
INSERT INTO `user_actions` VALUES (1779681484442001409, 1778358645923291137, '2024-04-15 09:21:45', '登录');
INSERT INTO `user_actions` VALUES (1779693188244586498, 1778358645923291137, '2024-04-15 10:08:16', '登录');
INSERT INTO `user_actions` VALUES (1779701536063082497, 1778358645923291137, '2024-04-15 10:41:26', '上传资源');
INSERT INTO `user_actions` VALUES (1779701568388583425, 1778358645923291137, '2024-04-15 10:41:34', '上传资源');
INSERT INTO `user_actions` VALUES (1779701815416311809, 1778358645923291137, '2024-04-15 10:42:33', '上传资源');
INSERT INTO `user_actions` VALUES (1779704123013312513, 1778358645923291137, '2024-04-15 10:51:43', '上传资源');
INSERT INTO `user_actions` VALUES (1779704211261468673, 1778358645923291137, '2024-04-15 10:52:04', '上传资源');
INSERT INTO `user_actions` VALUES (1779747562698317826, 1779747504045170690, '2024-04-15 13:44:20', '登录');
INSERT INTO `user_actions` VALUES (1779766599415246849, 1778358645923291137, '2024-04-15 14:59:58', '上传资源');
INSERT INTO `user_actions` VALUES (1779766608357502978, 1778358645923291137, '2024-04-15 15:00:01', '上传资源');
INSERT INTO `user_actions` VALUES (1779766611968798722, 1778358645923291137, '2024-04-15 15:00:01', '上传资源');
INSERT INTO `user_actions` VALUES (1779766614091116545, 1778358645923291137, '2024-04-15 15:00:02', '上传资源');
INSERT INTO `user_actions` VALUES (1779766614992891905, 1778358645923291137, '2024-04-15 15:00:02', '上传资源');
INSERT INTO `user_actions` VALUES (1779766615819169794, 1778358645923291137, '2024-04-15 15:00:02', '上传资源');
INSERT INTO `user_actions` VALUES (1779766616783859713, 1778358645923291137, '2024-04-15 15:00:03', '上传资源');
INSERT INTO `user_actions` VALUES (1779766617689829377, 1778358645923291137, '2024-04-15 15:00:03', '上传资源');
INSERT INTO `user_actions` VALUES (1779766618524495873, 1778358645923291137, '2024-04-15 15:00:03', '上传资源');
INSERT INTO `user_actions` VALUES (1779766619745038338, 1778358645923291137, '2024-04-15 15:00:03', '上传资源');
INSERT INTO `user_actions` VALUES (1779789897796796417, 1778358645923291137, '2024-04-15 16:32:33', '发布问题');
INSERT INTO `user_actions` VALUES (1779790085244436481, 1778358645923291137, '2024-04-15 16:33:18', '发布问题');
INSERT INTO `user_actions` VALUES (1779790153821306881, 1778358645923291137, '2024-04-15 16:33:34', '发布问题');
INSERT INTO `user_actions` VALUES (1779790322692374530, 1778358645923291137, '2024-04-15 16:34:15', '发布问题');
INSERT INTO `user_actions` VALUES (1779790349955350529, 1778358645923291137, '2024-04-15 16:34:21', '发布问题');
INSERT INTO `user_actions` VALUES (1779790375116980225, 1778358645923291137, '2024-04-15 16:34:27', '发布问题');
INSERT INTO `user_actions` VALUES (1779790402598060034, 1778358645923291137, '2024-04-15 16:34:34', '发布问题');
INSERT INTO `user_actions` VALUES (1779790430611816449, 1778358645923291137, '2024-04-15 16:34:40', '发布问题');
INSERT INTO `user_actions` VALUES (1779790488098947073, 1778358645923291137, '2024-04-15 16:34:54', '发布问题');
INSERT INTO `user_actions` VALUES (1779790514602754050, 1778358645923291137, '2024-04-15 16:35:00', '发布问题');
INSERT INTO `user_actions` VALUES (1779807546891169793, 1778358645923291137, '2024-04-15 17:42:41', '发布问题');
INSERT INTO `user_actions` VALUES (1780147532450619394, 1779747504045170690, '2024-04-16 16:13:40', '发布问题');
INSERT INTO `user_actions` VALUES (1780198803475804162, 1778358645923291137, '2024-04-16 19:37:24', '下载资源');
INSERT INTO `user_actions` VALUES (1780201828495970306, 1778358645923291137, '2024-04-16 19:49:25', '上传资源');
INSERT INTO `user_actions` VALUES (1780202252879884290, 1778358645923291137, '2024-04-16 19:51:06', '上传资源');
INSERT INTO `user_actions` VALUES (1780202523450249218, 1778358645923291137, '2024-04-16 19:52:11', '上传资源');
INSERT INTO `user_actions` VALUES (1780202707169153025, 1778358645923291137, '2024-04-16 19:52:55', '上传资源');
INSERT INTO `user_actions` VALUES (1780202770507337729, 1778358645923291137, '2024-04-16 19:53:10', '上传资源');
INSERT INTO `user_actions` VALUES (1780202812592984065, 1778358645923291137, '2024-04-16 19:53:20', '下载资源');
INSERT INTO `user_actions` VALUES (1780482994801213442, 1779747504045170690, '2024-04-17 14:26:40', '评论');
INSERT INTO `user_actions` VALUES (1780499418194235394, 1779747504045170690, '2024-04-17 15:31:56', '评论');
INSERT INTO `user_actions` VALUES (1780509850921447426, 1779747504045170690, '2024-04-17 16:13:23', '评论');
INSERT INTO `user_actions` VALUES (1780509911311036418, 1779747504045170690, '2024-04-17 16:13:38', '评论');
INSERT INTO `user_actions` VALUES (1780518868058402818, 1779747504045170690, '2024-04-17 16:49:13', '评论');
INSERT INTO `user_actions` VALUES (1780518910618005506, 1779747504045170690, '2024-04-17 16:49:23', '评论');
INSERT INTO `user_actions` VALUES (1780518967878643713, 1779747504045170690, '2024-04-17 16:49:37', '评论');
INSERT INTO `user_actions` VALUES (1780518992666980353, 1779747504045170690, '2024-04-17 16:49:43', '评论');
INSERT INTO `user_actions` VALUES (1780519531517607937, 1779747504045170690, '2024-04-17 16:51:51', '评论');
INSERT INTO `user_actions` VALUES (1780520911867342849, 1779747504045170690, '2024-04-17 16:57:21', '评论');
INSERT INTO `user_actions` VALUES (1780521034496208897, 1779747504045170690, '2024-04-17 16:57:50', '评论');
INSERT INTO `user_actions` VALUES (1780521067677347841, 1779747504045170690, '2024-04-17 16:57:58', '评论');
INSERT INTO `user_actions` VALUES (1780521100594245633, 1779747504045170690, '2024-04-17 16:58:06', '评论');
INSERT INTO `user_actions` VALUES (1780526192592482306, 1779747504045170690, '2024-04-17 17:18:20', '评论');
INSERT INTO `user_actions` VALUES (1780526221046640642, 1779747504045170690, '2024-04-17 17:18:26', '评论');
INSERT INTO `user_actions` VALUES (1780526368094744578, 1779747504045170690, '2024-04-17 17:19:01', '评论');
INSERT INTO `user_actions` VALUES (1780526806193967106, 1779747504045170690, '2024-04-17 17:20:46', '评论');
INSERT INTO `user_actions` VALUES (1780527367131869186, 1779747504045170690, '2024-04-17 17:23:00', '评论');
INSERT INTO `user_actions` VALUES (1780527524787367937, 1779747504045170690, '2024-04-17 17:23:37', '评论');
INSERT INTO `user_actions` VALUES (1780527643851075586, 1779747504045170690, '2024-04-17 17:24:06', '评论');
INSERT INTO `user_actions` VALUES (1780527712692187138, 1779747504045170690, '2024-04-17 17:24:22', '评论');
INSERT INTO `user_actions` VALUES (1780527794049101826, 1779747504045170690, '2024-04-17 17:24:41', '评论');
INSERT INTO `user_actions` VALUES (1780527863099928578, 1779747504045170690, '2024-04-17 17:24:58', '评论');
INSERT INTO `user_actions` VALUES (1780527975662465025, 1778358645923291137, '2024-04-17 17:25:25', '评论');
INSERT INTO `user_actions` VALUES (1780527997699338242, 1778358645923291137, '2024-04-17 17:25:30', '评论');
INSERT INTO `user_actions` VALUES (1780528025046200321, 1778358645923291137, '2024-04-17 17:25:36', '评论');
INSERT INTO `user_actions` VALUES (1780528309940105218, 1778358645923291137, '2024-04-17 17:26:44', '评论');
INSERT INTO `user_actions` VALUES (1780528705689464834, 1778358645923291137, '2024-04-17 17:28:19', '评论');
INSERT INTO `user_actions` VALUES (1780530741470363649, 1778358645923291137, '2024-04-17 17:36:24', '评论');
INSERT INTO `user_actions` VALUES (1780531300256477185, 1778358645923291137, '2024-04-17 17:38:37', '评论');
INSERT INTO `user_actions` VALUES (1780531342807691266, 1778358645923291137, '2024-04-17 17:38:47', '评论');
INSERT INTO `user_actions` VALUES (1780531392816377858, 1778358645923291137, '2024-04-17 17:38:59', '评论');
INSERT INTO `user_actions` VALUES (1780532085845442561, 1780531808794886146, '2024-04-17 17:41:45', '发布问题');
INSERT INTO `user_actions` VALUES (1780532153759612929, 1780531808794886146, '2024-04-17 17:42:01', '评论');
INSERT INTO `user_actions` VALUES (1780532205626376194, 1780531808794886146, '2024-04-17 17:42:13', '评论');
INSERT INTO `user_actions` VALUES (1780576190512353281, 1779747504045170690, '2024-04-17 20:37:00', '上传资源');
INSERT INTO `user_actions` VALUES (1780577403710492673, 1779747504045170690, '2024-04-17 20:41:49', '意见反馈');
INSERT INTO `user_actions` VALUES (1780577610430959617, 1779747504045170690, '2024-04-17 20:42:39', '上传资源');
INSERT INTO `user_actions` VALUES (1780577714932043777, 1779747504045170690, '2024-04-17 20:43:03', '下载资源');
INSERT INTO `user_actions` VALUES (1780580500902006785, 1780580384866586625, '2024-04-17 20:54:08', '发布问题');
INSERT INTO `user_actions` VALUES (1780580549996335105, 1780580384866586625, '2024-04-17 20:54:19', '评论');
INSERT INTO `user_actions` VALUES (1780580579247411201, 1780580384866586625, '2024-04-17 20:54:26', '评论');
INSERT INTO `user_actions` VALUES (1780580648906412033, 1780580384866586625, '2024-04-17 20:54:43', '上传资源');
INSERT INTO `user_actions` VALUES (1780580663313846274, 1780580384866586625, '2024-04-17 20:54:46', '下载资源');
INSERT INTO `user_actions` VALUES (1780583063579807745, 1780580384866586625, '2024-04-17 21:04:19', '上传资源');
INSERT INTO `user_actions` VALUES (1780793302891728898, 1779747504045170690, '2024-04-18 10:59:44', '评论');
INSERT INTO `user_actions` VALUES (1780793516503437314, 1779747504045170690, '2024-04-18 11:00:35', '评论');

SET FOREIGN_KEY_CHECKS = 1;
